{"_type":"export","__export_format":4,"__export_date":"2025-03-25T16:13:38.972Z","__export_source":"insomnia.desktop.app:v10.0.0","resources":[{"_id":"req_76aa1b9307d449e6afd7df153e3f3c30","parentId":"wrk_cfbc18b3611f4f45a3c02f8974047fe9","modified":1741623950526,"created":1741562871112,"url":"localhost:8080/usuarios","name":"Cadastro","description":"","method":"POST","body":{"mimeType":"application/json","text":"{\n  \"nome\": \"Juliana Mendes\",\n  \"dtNasc\": \"1997-09-30\",\n  \"cpf\": \"98765432100\",\n  \"genero\": \"FEMININO\",\n  \"sexualidade\": \"Heterossexual\",\n  \"raca\": \"Indígena\",\n  \"nomeMae\": \"Clara Mendes\",\n  \"fotoPerfil\": \"https://exemplo.com/imagem7.jpg\",\n  \"numeroCartao\": \"1239-4567-8910-1121\",\n  \"status\": \"ATIVO\"\n}\n"},"parameters":[],"headers":[{"name":"Content-Type","value":"application/json"},{"name":"User-Agent","value":"insomnia/10.0.0"}],"authentication":{},"metaSortKey":-1741562871112,"isPrivate":false,"pathParameters":[],"settingStoreCookies":true,"settingSendCookies":true,"settingDisableRenderRequestBody":false,"settingEncodeUrl":true,"settingRebuildPath":true,"settingFollowRedirects":"global","_type":"request"},{"_id":"wrk_cfbc18b3611f4f45a3c02f8974047fe9","parentId":null,"modified":1742448521613,"created":1741562864115,"name":"refuge-usuarios","description":"","scope":"collection","_type":"workspace"},{"_id":"req_4ba781587a6943e7997fa9ac1f1fafb1","parentId":"wrk_cfbc18b3611f4f45a3c02f8974047fe9","modified":1741567163184,"created":1741566001787,"url":"localhost:8080/usuarios/1","name":"Atualizar","description":"","method":"PUT","body":{"mimeType":"application/json","text":"\t{\n\t\t\"nome\": \"Raul Gomes Reis\",\n\t\t\"dtNasc\": \"2004-05-15\",\n\t\t\"cpf\": \"54551704814\",\n\t\t\"genero\": \"MASCULINO\",\n\t\t\"sexualidade\": \"Heterossexual\",\n\t\t\"raca\": \"Branco\",\n\t\t\"nomeMae\": \"Maria do Socorro\",\n\t\t\"fotoPerfil\": \"https://exemplo.com/imagem.jpg\",\n\t\t\"numeroCartao\": \"1234-5679-9012-2190\",\n\t\t\"status\": \"ATIVO\"\n\t}"},"parameters":[],"headers":[{"name":"Content-Type","value":"application/json"},{"name":"User-Agent","value":"insomnia/10.0.0"}],"authentication":{},"metaSortKey":-1741432459383.25,"isPrivate":false,"pathParameters":[],"settingStoreCookies":true,"settingSendCookies":true,"settingDisableRenderRequestBody":false,"settingEncodeUrl":true,"settingRebuildPath":true,"settingFollowRedirects":"global","_type":"request"},{"_id":"req_eb90d487f7874207879cee9c922ae200","parentId":"wrk_cfbc18b3611f4f45a3c02f8974047fe9","modified":1741567113676,"created":1741565884122,"url":"localhost:8080/usuarios/listar","name":"Listar usuarios","description":"","method":"GET","body":{"mimeType":"application/json","text":""},"parameters":[],"headers":[{"name":"Content-Type","value":"application/json"},{"name":"User-Agent","value":"insomnia/10.0.0"}],"authentication":{},"metaSortKey":-1741302047654.5,"isPrivate":false,"pathParameters":[],"settingStoreCookies":true,"settingSendCookies":true,"settingDisableRenderRequestBody":false,"settingEncodeUrl":true,"settingRebuildPath":true,"settingFollowRedirects":"global","_type":"request"},{"_id":"req_8e0e2fedd9174f0299af8c02007cb987","parentId":"wrk_cfbc18b3611f4f45a3c02f8974047fe9","modified":1742512970238,"created":1741624357790,"url":"localhost:8080/usuarios/raca","name":"Listar usuarios por raça","description":"","method":"GET","body":{"mimeType":"application/json","text":""},"parameters":[{"id":"pair_ccc0b740e6e347cdaab3c53e042a00c1","name":"raca","value":"indigena","description":"","disabled":false}],"headers":[{"name":"Content-Type","value":"application/json"},{"name":"User-Agent","value":"insomnia/10.0.0"}],"authentication":{},"metaSortKey":-1741269444722.3125,"isPrivate":false,"pathParameters":[],"settingStoreCookies":true,"settingSendCookies":true,"settingDisableRenderRequestBody":false,"settingEncodeUrl":true,"settingRebuildPath":true,"settingFollowRedirects":"global","_type":"request"},{"_id":"req_b224f7c4dc5344cd9f6532fdf83fc700","parentId":"wrk_cfbc18b3611f4f45a3c02f8974047fe9","modified":1742446931064,"created":1741622648243,"url":"localhost:8080/usuarios/nome","name":"Listar usuarios por nome","description":"","method":"GET","body":{"mimeType":"application/json","text":""},"parameters":[{"id":"pair_fb592efa4ab142589e8ec3710a64eda4","name":"nome","value":"ju","description":"","disabled":false}],"headers":[{"name":"Content-Type","value":"application/json"},{"name":"User-Agent","value":"insomnia/10.0.0"}],"authentication":{},"metaSortKey":-1741236841790.125,"isPrivate":false,"pathParameters":[],"settingStoreCookies":true,"settingSendCookies":true,"settingDisableRenderRequestBody":false,"settingEncodeUrl":true,"settingRebuildPath":true,"settingFollowRedirects":"global","_type":"request"},{"_id":"req_0535d2e9b9ee4ef88b9ba13dba3f1c6c","parentId":"wrk_cfbc18b3611f4f45a3c02f8974047fe9","modified":1741582468289,"created":1741581786704,"url":"localhost:8080/usuarios/genero","name":"Listar usuarios por gênero","description":"","method":"GET","body":{"mimeType":"application/json","text":""},"parameters":[{"id":"pair_6a379da6a69b432e8765853ce38539a4","name":"genero","value":"FEMININO","description":"","disabled":false}],"headers":[{"name":"Content-Type","value":"application/json"},{"name":"User-Agent","value":"insomnia/10.0.0"}],"authentication":{},"metaSortKey":-1741171635925.75,"isPrivate":false,"pathParameters":[],"settingStoreCookies":true,"settingSendCookies":true,"settingDisableRenderRequestBody":false,"settingEncodeUrl":true,"settingRebuildPath":true,"settingFollowRedirects":"global","_type":"request"},{"_id":"req_395280eeb4ed4871af6b0b44a12b7616","parentId":"wrk_cfbc18b3611f4f45a3c02f8974047fe9","modified":1741565849689,"created":1741563839266,"url":"localhost:8080/usuarios/1","name":"Deleção","description":"","method":"DELETE","body":{"mimeType":"application/x-www-form-urlencoded","params":[]},"parameters":[],"headers":[{"name":"Content-Type","value":"application/x-www-form-urlencoded"},{"name":"User-Agent","value":"insomnia/10.0.0"}],"authentication":{},"metaSortKey":-1741041224197,"isPrivate":false,"pathParameters":[],"settingStoreCookies":true,"settingSendCookies":true,"settingDisableRenderRequestBody":false,"settingEncodeUrl":true,"settingRebuildPath":true,"settingFollowRedirects":"global","_type":"request"},{"_id":"env_52295d6b942084a3a507d666a54d66710378c058","parentId":"wrk_cfbc18b3611f4f45a3c02f8974047fe9","modified":1741562864116,"created":1741562864116,"name":"Base Environment","data":{},"dataPropertyOrder":null,"color":null,"isPrivate":false,"metaSortKey":1741562864116,"_type":"environment"},{"_id":"jar_52295d6b942084a3a507d666a54d66710378c058","parentId":"wrk_cfbc18b3611f4f45a3c02f8974047fe9","modified":1741562864117,"created":1741562864117,"name":"Default Jar","cookies":[],"_type":"cookie_jar"}]}