{"_type":"export","__export_format":4,"__export_date":"2025-03-25T16:14:29.569Z","__export_source":"insomnia.desktop.app:v10.0.0","resources":[{"_id":"req_cf6b7d6b7d134b1b96a8520336563ed4","parentId":"wrk_6bf04674326746a99743f9d424f75225","modified":1742448584679,"created":1742448542732,"url":"localhost:8080/funcionarios","name":"Lista funcionarios","description":"","method":"GET","body":{},"parameters":[],"headers":[{"name":"User-Agent","value":"insomnia/10.0.0"}],"authentication":{},"metaSortKey":-1742448542732,"isPrivate":false,"pathParameters":[],"settingStoreCookies":true,"settingSendCookies":true,"settingDisableRenderRequestBody":false,"settingEncodeUrl":true,"settingRebuildPath":true,"settingFollowRedirects":"global","_type":"request"},{"_id":"wrk_6bf04674326746a99743f9d424f75225","parentId":null,"modified":1742448536911,"created":1742448536911,"name":"refuge-funcionarios","description":"","scope":"collection","_type":"workspace"},{"_id":"req_547076f8fb544e509124988ea4c894b0","parentId":"wrk_6bf04674326746a99743f9d424f75225","modified":1742448719753,"created":1742448681270,"url":"localhost:8080/funcionarios/1","name":"Atualizar","description":"","method":"PUT","body":{"mimeType":"application/json","text":"{\n\t\"nome\": \"Leandro\",\n\t\"cpf\": \"54551704814\",\n\t\"telefone\": \"11983158730\",\n\t\"email\": \"raulgomesreis@gmail.com\"\n}"},"parameters":[],"headers":[{"name":"Content-Type","value":"application/json"},{"name":"User-Agent","value":"insomnia/10.0.0"}],"authentication":{},"metaSortKey":-1742418488404.25,"isPrivate":false,"pathParameters":[],"settingStoreCookies":true,"settingSendCookies":true,"settingDisableRenderRequestBody":false,"settingEncodeUrl":true,"settingRebuildPath":true,"settingFollowRedirects":"global","_type":"request"},{"_id":"req_7f8126c40b4d4d779bea3f249209cceb","parentId":"wrk_6bf04674326746a99743f9d424f75225","modified":1742448660881,"created":1742448594968,"url":"localhost:8080/funcionarios","name":"Cadastro","description":"","method":"POST","body":{"mimeType":"application/json","text":"{\n\t\"nome\": \"Raul\",\n\t\"cpf\": \"54551704814\",\n\t\"telefone\": \"11983158730\",\n\t\"email\": \"raulgomesreis@gmail.com\"\n}"},"parameters":[],"headers":[{"name":"Content-Type","value":"application/json"},{"name":"User-Agent","value":"insomnia/10.0.0"}],"authentication":{},"metaSortKey":-1742388434076.5,"isPrivate":false,"pathParameters":[],"settingStoreCookies":true,"settingSendCookies":true,"settingDisableRenderRequestBody":false,"settingEncodeUrl":true,"settingRebuildPath":true,"settingFollowRedirects":"global","_type":"request"},{"_id":"req_601aee74d5144f238d804e286d208fd0","parentId":"wrk_6bf04674326746a99743f9d424f75225","modified":1742448748409,"created":1742448736387,"url":"localhost:8080/funcionarios/1","name":"Deleção","description":"","method":"DELETE","body":{"mimeType":"application/json","text":""},"parameters":[],"headers":[{"name":"Content-Type","value":"application/json"},{"name":"User-Agent","value":"insomnia/10.0.0"}],"authentication":{},"metaSortKey":-1742358379748.75,"isPrivate":false,"pathParameters":[],"settingStoreCookies":true,"settingSendCookies":true,"settingDisableRenderRequestBody":false,"settingEncodeUrl":true,"settingRebuildPath":true,"settingFollowRedirects":"global","_type":"request"},{"_id":"env_4e8b69d0acc7c2a5c9a686fb563f7aa0422b0642","parentId":"wrk_6bf04674326746a99743f9d424f75225","modified":1742448536913,"created":1742448536913,"name":"Base Environment","data":{},"dataPropertyOrder":null,"color":null,"isPrivate":false,"metaSortKey":1742448536913,"_type":"environment"},{"_id":"jar_4e8b69d0acc7c2a5c9a686fb563f7aa0422b0642","parentId":"wrk_6bf04674326746a99743f9d424f75225","modified":1742448536914,"created":1742448536914,"name":"Default Jar","cookies":[],"_type":"cookie_jar"}]}